hand_number,player_id,pot_size,player_chips,player_state
1,0,30,5000,OUT
1,1,30,4990,OUT
1,2,30,5010,IN
1,3,30,5000,OUT
1,4,30,5000,OUT
2,0,250,5110,IN
2,1,250,4990,OUT
2,2,250,5000,OUT
2,3,250,4980,OUT
2,4,250,4920,OUT
3,0,30,5110,OUT
3,1,30,4990,OUT
3,2,30,5000,OUT
3,3,30,4970,OUT
3,4,30,4930,IN
4,0,240,5090,OUT
4,1,240,4910,OUT
4,2,240,5000,OUT
4,3,240,4970,OUT
4,4,240,5030,IN
5,0,30,5080,OUT
5,1,30,4920,IN
5,2,30,5000,OUT
5,3,30,4970,OUT
5,4,30,5030,OUT
6,0,30,5080,OUT
6,1,30,4910,OUT
6,2,30,5010,IN
6,3,30,4970,OUT
6,4,30,5030,OUT
7,0,900,5080,OUT
7,1,900,4510,OUT
7,2,900,5510,IN
7,3,900,4950,OUT
7,4,900,4950,OUT
8,0,130,5080,OUT
8,1,130,4510,OUT
8,2,130,5540,IN
8,3,130,4940,OUT
8,4,130,4930,OUT
9,0,30,5090,IN
9,1,30,4510,OUT
9,2,30,5540,OUT
9,3,30,4940,OUT
9,4,30,4920,OUT
10,0,30,5080,OUT
10,1,30,4520,IN
10,2,30,5540,OUT
10,3,30,4940,OUT
10,4,30,4920,OUT
11,0,30,5080,OUT
11,1,30,4510,OUT
11,2,30,5550,IN
11,3,30,4940,OUT
11,4,30,4920,OUT
12,0,30,5080,OUT
12,1,30,4510,OUT
12,2,30,5540,OUT
12,3,30,4950,IN
12,4,30,4920,OUT
13,0,30,5080,OUT
13,1,30,4510,OUT
13,2,30,5540,OUT
13,3,30,4940,OUT
13,4,30,4930,IN
14,0,110,5060,OUT
14,1,110,4510,OUT
14,2,110,5570,IN
14,3,110,4940,OUT
14,4,110,4920,OUT
15,0,30,5050,OUT
15,1,30,4520,IN
15,2,30,5570,OUT
15,3,30,4940,OUT
15,4,30,4920,OUT
16,0,30,5050,OUT
16,1,30,4510,OUT
16,2,30,5580,IN
16,3,30,4940,OUT
16,4,30,4920,OUT
17,0,130,5050,OUT
17,1,130,4540,IN
17,2,130,5570,OUT
17,3,130,4920,OUT
17,4,130,4920,OUT
18,0,700,5050,OUT
18,1,700,4900,IN
18,2,700,5570,OUT
18,3,700,4580,OUT
18,4,700,4900,OUT
19,0,30,5060,IN
19,1,30,4900,OUT
19,2,30,5570,OUT
19,3,30,4580,OUT
19,4,30,4890,OUT
20,0,30,5050,OUT
20,1,30,4910,IN
20,2,30,5570,OUT
20,3,30,4580,OUT
20,4,30,4890,OUT
21,0,30,5050,OUT
21,1,30,4900,OUT
21,2,30,5580,IN
21,3,30,4580,OUT
21,4,30,4890,OUT
22,0,250,4970,OUT
22,1,250,5010,IN
22,2,250,5570,OUT
22,3,250,4560,OUT
22,4,250,4890,OUT
23,0,490,4970,OUT
23,1,490,4810,OUT
23,2,490,5800,IN
23,3,490,4550,OUT
23,4,490,4870,OUT
24,0,250,4950,OUT
24,1,250,4730,OUT
24,2,250,5910,IN
24,3,250,4550,OUT
24,4,250,4860,OUT
25,0,240,4870,OUT
25,1,240,4810,IN
25,2,240,5910,OUT
25,3,240,4550,OUT
25,4,240,4860,OUT
26,0,110,4900,IN
26,1,110,4800,OUT
26,2,110,5890,OUT
26,3,110,4550,OUT
26,4,110,4860,OUT
27,0,250,4900,OUT
27,1,250,4910,IN
27,2,250,5880,OUT
27,3,250,4530,OUT
27,4,250,4780,OUT
28,0,450,4820,OUT
28,1,450,4770,OUT
28,2,450,6130,IN
28,3,450,4520,OUT
28,4,450,4760,OUT
29,0,360,4800,OUT
29,1,360,4770,OUT
29,2,360,6290,IN
29,3,360,4520,OUT
29,4,360,4620,OUT
30,0,110,4790,OUT
30,1,110,4750,OUT
30,2,110,6290,OUT
30,3,110,4520,OUT
30,4,110,4650,IN
31,0,30,4790,OUT
31,1,30,4740,OUT
31,2,30,6300,IN
31,3,30,4520,OUT
31,4,30,4650,OUT
32,0,130,4790,OUT
32,1,130,4770,IN
32,2,130,6290,OUT
32,3,130,4500,OUT
32,4,130,4650,OUT
33,0,30,4790,OUT
33,1,30,4770,OUT
33,2,30,6290,OUT
33,3,30,4490,OUT
33,4,30,4660,IN
34,0,660,4770,OUT
34,1,660,4770,OUT
34,2,660,6210,OUT
34,3,660,4830,IN
34,4,660,4420,OUT
35,0,30,4760,OUT
35,1,30,4780,IN
35,2,30,6210,OUT
35,3,30,4830,OUT
35,4,30,4420,OUT
36,0,30,4760,OUT
36,1,30,4770,OUT
36,2,30,6220,IN
36,3,30,4830,OUT
36,4,30,4420,OUT
37,0,230,4680,OUT
37,1,230,4770,OUT
37,2,230,6210,OUT
37,3,230,4920,IN
37,4,230,4420,OUT
38,0,570,4680,OUT
38,1,570,4530,OUT
38,2,570,6210,OUT
38,3,570,4910,OUT
38,4,570,4670,IN
39,0,110,4660,OUT
39,1,110,4560,IN
39,2,110,6210,OUT
39,3,110,4910,OUT
39,4,110,4660,OUT
40,0,110,4650,OUT
40,1,110,4540,OUT
40,2,110,6210,OUT
40,3,110,4940,IN
40,4,110,4660,OUT
41,0,100,4650,OUT
41,1,100,4560,IN
41,2,100,6190,OUT
41,3,100,4940,OUT
41,4,100,4660,OUT
42,0,250,4570,OUT
42,1,250,4670,IN
42,2,250,6180,OUT
42,3,250,4920,OUT
42,4,250,4660,OUT
43,0,130,4570,OUT
43,1,130,4670,OUT
43,2,130,6210,IN
43,3,130,4910,OUT
43,4,130,4640,OUT
44,0,250,4550,OUT
44,1,250,4670,OUT
44,2,250,6130,OUT
44,3,250,5020,IN
44,4,250,4630,OUT
45,0,30,4540,OUT
45,1,30,4680,IN
45,2,30,6130,OUT
45,3,30,5020,OUT
45,4,30,4630,OUT
46,0,130,4570,IN
46,1,130,4670,OUT
46,2,130,6110,OUT
46,3,130,5020,OUT
46,4,130,4630,OUT
47,0,240,4570,OUT
47,1,240,4590,OUT
47,2,240,6210,IN
47,3,240,5000,OUT
47,4,240,4630,OUT
48,0,450,4570,OUT
48,1,450,4780,IN
48,2,450,6210,OUT
48,3,450,4990,OUT
48,4,450,4450,OUT
49,0,30,4580,IN
49,1,30,4780,OUT
49,2,30,6210,OUT
49,3,30,4990,OUT
49,4,30,4440,OUT
50,0,30,4570,OUT
50,1,30,4790,IN
50,2,30,6210,OUT
50,3,30,4990,OUT
50,4,30,4440,OUT
51,0,30,4570,OUT
51,1,30,4780,OUT
51,2,30,6220,IN
51,3,30,4990,OUT
51,4,30,4440,OUT
52,0,130,4570,OUT
52,1,130,4810,IN
52,2,130,6210,OUT
52,3,130,4970,OUT
52,4,130,4440,OUT
53,0,30,4570,OUT
53,1,30,4810,OUT
53,2,30,6210,OUT
53,3,30,4960,OUT
53,4,30,4450,IN
54,0,30,4580,IN
54,1,30,4810,OUT
54,2,30,6210,OUT
54,3,30,4960,OUT
54,4,30,4440,OUT
55,0,130,4570,OUT
55,1,130,4790,OUT
55,2,130,6210,OUT
55,3,130,4960,OUT
55,4,130,4470,IN
56,0,240,4570,OUT
56,1,240,4890,IN
56,2,240,6190,OUT
56,3,240,4880,OUT
56,4,240,4470,OUT
57,0,450,4760,IN
57,1,450,4890,OUT
57,2,450,6180,OUT
57,3,450,4700,OUT
57,4,450,4470,OUT
58,0,130,4760,OUT
58,1,130,4890,OUT
58,2,130,6210,IN
58,3,130,4690,OUT
58,4,130,4450,OUT
59,0,30,4770,IN
59,1,30,4890,OUT
59,2,30,6210,OUT
59,3,30,4690,OUT
59,4,30,4440,OUT
60,0,110,4760,OUT
60,1,110,4870,OUT
60,2,110,6210,OUT
60,3,110,4690,OUT
60,4,110,4470,IN
61,0,110,4790,IN
61,1,110,4860,OUT
61,2,110,6190,OUT
61,3,110,4690,OUT
61,4,110,4470,OUT
62,0,700,4650,OUT
62,1,700,4860,OUT
62,2,700,5990,OUT
62,3,700,5110,IN
62,4,700,4390,OUT
63,0,110,4650,OUT
63,1,110,4860,OUT
63,2,110,6020,IN
63,3,110,5100,OUT
63,4,110,4370,OUT
64,0,110,4630,OUT
64,1,110,4860,OUT
64,2,110,6020,OUT
64,3,110,5130,IN
64,4,110,4360,OUT
65,0,30,4620,OUT
65,1,30,4870,IN
65,2,30,6020,OUT
65,3,30,5130,OUT
65,4,30,4360,OUT
66,0,120,4620,OUT
66,1,120,4890,IN
66,2,120,6000,OUT
66,3,120,5130,OUT
66,4,120,4360,OUT
67,0,240,4620,OUT
67,1,240,4890,OUT
67,2,240,5920,OUT
67,3,240,5210,IN
67,4,240,4360,OUT
68,0,130,4620,OUT
68,1,130,4890,OUT
68,2,130,5950,IN
68,3,130,5200,OUT
68,4,130,4340,OUT
69,0,100,4600,OUT
69,1,100,4890,OUT
69,2,100,5950,OUT
69,3,100,5200,OUT
69,4,100,4360,IN
70,0,30,4590,OUT
70,1,30,4900,IN
70,2,30,5950,OUT
70,3,30,5200,OUT
70,4,30,4360,OUT
71,0,230,4590,OUT
71,1,230,4890,OUT
71,2,230,6040,IN
71,3,230,5200,OUT
71,4,230,4280,OUT
72,0,470,4800,IN
72,1,470,4710,OUT
72,2,470,6030,OUT
72,3,470,5180,OUT
72,4,470,4280,OUT
73,0,30,4800,OUT
73,1,30,4710,OUT
73,2,30,6030,OUT
73,3,30,5170,OUT
73,4,30,4290,IN
74,0,690,4460,OUT
74,1,690,4710,OUT
74,2,690,6380,IN
74,3,690,5170,OUT
74,4,690,4280,OUT
75,0,450,4450,OUT
75,1,450,4940,IN
75,2,450,6380,OUT
75,3,450,5090,OUT
75,4,450,4140,OUT
76,0,960,4450,OUT
76,1,960,5500,IN
76,2,960,6140,OUT
76,3,960,4770,OUT
76,4,960,4140,OUT
77,0,30,4450,OUT
77,1,30,5500,OUT
77,2,30,6130,OUT
77,3,30,4780,IN
77,4,30,4140,OUT
78,0,270,4370,OUT
78,1,270,5610,IN
78,2,270,6130,OUT
78,3,270,4770,OUT
78,4,270,4120,OUT
79,0,30,4380,IN
79,1,30,5610,OUT
79,2,30,6130,OUT
79,3,30,4770,OUT
79,4,30,4110,OUT
80,0,100,4400,IN
80,1,100,5590,OUT
80,2,100,6130,OUT
80,3,100,4770,OUT
80,4,100,4110,OUT
81,0,240,4400,OUT
81,1,240,5690,IN
81,2,240,6110,OUT
81,3,240,4690,OUT
81,4,240,4110,OUT
82,0,130,4400,OUT
82,1,130,5720,IN
82,2,130,6100,OUT
82,3,130,4670,OUT
82,4,130,4110,OUT
83,0,30,4400,OUT
83,1,30,5720,OUT
83,2,30,6100,OUT
83,3,30,4660,OUT
83,4,30,4120,IN
84,0,30,4410,IN
84,1,30,5720,OUT
84,2,30,6100,OUT
84,3,30,4660,OUT
84,4,30,4110,OUT
85,0,230,4400,OUT
85,1,230,5810,IN
85,2,230,6100,OUT
85,3,230,4580,OUT
85,4,230,4110,OUT
86,0,30,4400,OUT
86,1,30,5800,OUT
86,2,30,6110,IN
86,3,30,4580,OUT
86,4,30,4110,OUT
87,0,30,4400,OUT
87,1,30,5800,OUT
87,2,30,6100,OUT
87,3,30,4590,IN
87,4,30,4110,OUT
88,0,30,4400,OUT
88,1,30,5800,OUT
88,2,30,6100,OUT
88,3,30,4580,OUT
88,4,30,4120,IN
89,0,240,4380,OUT
89,1,240,5800,OUT
89,2,240,6100,OUT
89,3,240,4500,OUT
89,4,240,4220,IN
90,0,110,4370,OUT
90,1,110,5780,OUT
90,2,110,6100,OUT
90,3,110,4530,IN
90,4,110,4220,OUT
91,0,30,4370,OUT
91,1,30,5770,OUT
91,2,30,6110,IN
91,3,30,4530,OUT
91,4,30,4220,OUT
92,0,450,4560,IN
92,1,450,5770,OUT
92,2,450,6100,OUT
92,3,450,4350,OUT
92,4,450,4220,OUT
93,0,100,4560,OUT
93,1,100,5770,OUT
93,2,100,6100,OUT
93,3,100,4370,IN
93,4,100,4200,OUT
94,0,120,4540,OUT
94,1,120,5770,OUT
94,2,120,6100,OUT
94,3,120,4370,OUT
94,4,120,4220,IN
95,0,220,4460,OUT
95,1,220,5850,IN
95,2,220,6100,OUT
95,3,220,4370,OUT
95,4,220,4220,OUT
96,0,680,4460,OUT
96,1,680,5510,OUT
96,2,680,6440,IN
96,3,680,4370,OUT
96,4,680,4220,OUT
97,0,30,4460,OUT
97,1,30,5510,OUT
97,2,30,6430,OUT
97,3,30,4380,IN
97,4,30,4220,OUT
98,0,30,4460,OUT
98,1,30,5510,OUT
98,2,30,6430,OUT
98,3,30,4370,OUT
98,4,30,4230,IN
99,0,370,4440,OUT
99,1,370,5680,IN
99,2,370,6290,OUT
99,3,370,4370,OUT
99,4,370,4220,OUT
100,0,350,4430,OUT
100,1,350,5540,OUT
100,2,350,6290,OUT
100,3,350,4520,IN
100,4,350,4220,OUT
101,0,30,4430,OUT
101,1,30,5530,OUT
101,2,30,6300,IN
101,3,30,4520,OUT
101,4,30,4220,OUT
102,0,250,4430,OUT
102,1,250,5640,IN
102,2,250,6290,OUT
102,3,250,4500,OUT
102,4,250,4140,OUT
103,0,130,4430,OUT
103,1,130,5670,IN
103,2,130,6290,OUT
103,3,130,4490,OUT
103,4,130,4120,OUT
104,0,110,4410,OUT
104,1,110,5670,OUT
104,2,110,6290,OUT
104,3,110,4520,IN
104,4,110,4110,OUT
105,0,230,4400,OUT
105,1,230,5760,IN
105,2,230,6290,OUT
105,3,230,4520,OUT
105,4,230,4030,OUT
106,0,30,4400,OUT
106,1,30,5750,OUT
106,2,30,6300,IN
106,3,30,4520,OUT
106,4,30,4030,OUT
107,0,30,4400,OUT
107,1,30,5750,OUT
107,2,30,6290,OUT
107,3,30,4530,IN
107,4,30,4030,OUT
108,0,30,4400,OUT
108,1,30,5750,OUT
108,2,30,6290,OUT
108,3,30,4520,OUT
108,4,30,4040,IN
109,0,110,4380,OUT
109,1,110,5750,OUT
109,2,110,6290,OUT
109,3,110,4550,IN
109,4,110,4030,OUT
110,0,30,4370,OUT
110,1,30,5760,IN
110,2,30,6290,OUT
110,3,30,4550,OUT
110,4,30,4030,OUT
111,0,110,4370,OUT
111,1,110,5750,OUT
111,2,110,6270,OUT
111,3,110,4580,IN
111,4,110,4030,OUT
112,0,110,4370,OUT
112,1,110,5780,IN
112,2,110,6260,OUT
112,3,110,4560,OUT
112,4,110,4030,OUT
113,0,110,4370,OUT
113,1,110,5780,OUT
113,2,110,6290,IN
113,3,110,4550,OUT
113,4,110,4010,OUT
114,0,470,4350,OUT
114,1,470,5990,IN
114,2,470,6290,OUT
114,3,470,4370,OUT
114,4,470,4000,OUT
115,0,30,4340,OUT
115,1,30,6000,IN
115,2,30,6290,OUT
115,3,30,4370,OUT
115,4,30,4000,OUT
116,0,100,4340,OUT
116,1,100,6020,IN
116,2,100,6270,OUT
116,3,100,4370,OUT
116,4,100,4000,OUT
117,0,110,4340,OUT
117,1,110,6050,IN
117,2,110,6260,OUT
117,3,110,4350,OUT
117,4,110,4000,OUT
118,0,120,4340,OUT
118,1,120,6050,OUT
118,2,120,6260,OUT
118,3,120,4370,IN
118,4,120,3980,OUT
119,0,250,4320,OUT
119,1,250,6050,OUT
119,2,250,6180,OUT
119,3,250,4480,IN
119,4,250,3970,OUT
120,0,450,4310,OUT
120,1,450,5870,OUT
120,2,450,6180,OUT
120,3,450,4480,OUT
120,4,450,4160,IN
121,0,30,4310,OUT
121,1,30,5860,OUT
121,2,30,6190,IN
121,3,30,4480,OUT
121,4,30,4160,OUT
122,0,30,4310,OUT
122,1,30,5860,OUT
122,2,30,6180,OUT
122,3,30,4490,IN
122,4,30,4160,OUT
123,0,250,4310,OUT
123,1,250,5780,OUT
123,2,250,6290,IN
123,3,250,4480,OUT
123,4,250,4140,OUT
124,0,30,4320,IN
124,1,30,5780,OUT
124,2,30,6290,OUT
124,3,30,4480,OUT
124,4,30,4130,OUT
125,0,460,4560,IN
125,1,460,5760,OUT
125,2,460,6210,OUT
125,3,460,4340,OUT
125,4,460,4130,OUT
126,0,30,4560,OUT
126,1,30,5750,OUT
126,2,30,6220,IN
126,3,30,4340,OUT
126,4,30,4130,OUT
127,0,220,4560,OUT
127,1,220,5750,OUT
127,2,220,6140,OUT
127,3,220,4420,IN
127,4,220,4130,OUT
128,0,100,4560,OUT
128,1,100,5750,OUT
128,2,100,6140,OUT
128,3,100,4440,IN
128,4,100,4110,OUT
129,0,30,4570,IN
129,1,30,5750,OUT
129,2,30,6140,OUT
129,3,30,4440,OUT
129,4,30,4100,OUT
130,0,30,4560,OUT
130,1,30,5760,IN
130,2,30,6140,OUT
130,3,30,4440,OUT
130,4,30,4100,OUT
131,0,110,4560,OUT
131,1,110,5750,OUT
131,2,110,6120,OUT
131,3,110,4470,IN
131,4,110,4100,OUT
132,0,250,4480,OUT
132,1,250,5860,IN
132,2,250,6110,OUT
132,3,250,4450,OUT
132,4,250,4100,OUT
133,0,30,4480,OUT
133,1,30,5860,OUT
133,2,30,6110,OUT
133,3,30,4440,OUT
133,4,30,4110,IN
134,0,30,4490,IN
134,1,30,5860,OUT
134,2,30,6110,OUT
134,3,30,4440,OUT
134,4,30,4100,OUT
135,0,120,4510,IN
135,1,120,5840,OUT
135,2,120,6110,OUT
135,3,120,4440,OUT
135,4,120,4100,OUT
136,0,30,4510,OUT
136,1,30,5830,OUT
136,2,30,6120,IN
136,3,30,4440,OUT
136,4,30,4100,OUT
137,0,30,4510,OUT
137,1,30,5830,OUT
137,2,30,6110,OUT
137,3,30,4450,IN
137,4,30,4100,OUT
138,0,30,4510,OUT
138,1,30,5830,OUT
138,2,30,6110,OUT
138,3,30,4440,OUT
138,4,30,4110,IN
139,0,30,4520,IN
139,1,30,5830,OUT
139,2,30,6110,OUT
139,3,30,4440,OUT
139,4,30,4100,OUT
140,0,30,4510,OUT
140,1,30,5840,IN
140,2,30,6110,OUT
140,3,30,4440,OUT
140,4,30,4100,OUT
141,0,30,4510,OUT
141,1,30,5830,OUT
141,2,30,6120,IN
141,3,30,4440,OUT
141,4,30,4100,OUT
142,0,30,4510,OUT
142,1,30,5830,OUT
142,2,30,6110,OUT
142,3,30,4450,IN
142,4,30,4100,OUT
143,0,30,4510,OUT
143,1,30,5830,OUT
143,2,30,6110,OUT
143,3,30,4440,OUT
143,4,30,4110,IN
144,0,30,4520,IN
144,1,30,5830,OUT
144,2,30,6110,OUT
144,3,30,4440,OUT
144,4,30,4100,OUT
145,0,30,4510,OUT
145,1,30,5840,IN
145,2,30,6110,OUT
145,3,30,4440,OUT
145,4,30,4100,OUT
146,0,450,4370,OUT
146,1,450,5830,OUT
146,2,450,6340,IN
146,3,450,4360,OUT
146,4,450,4100,OUT
147,0,450,4290,OUT
147,1,450,5690,OUT
147,2,450,6330,OUT
147,3,450,4590,IN
147,4,450,4100,OUT
148,0,130,4320,IN
148,1,130,5690,OUT
148,2,130,6330,OUT
148,3,130,4580,OUT
148,4,130,4080,OUT
149,0,110,4300,OUT
149,1,110,5690,OUT
149,2,110,6360,IN
149,3,110,4580,OUT
149,4,110,4070,OUT
150,0,30,4290,OUT
150,1,30,5700,IN
150,2,30,6360,OUT
150,3,30,4580,OUT
150,4,30,4070,OUT
151,0,350,4290,OUT
151,1,350,5690,OUT
151,2,350,6220,OUT
151,3,350,4730,IN
151,4,350,4070,OUT
152,0,30,4290,OUT
152,1,30,5690,OUT
152,2,30,6210,OUT
152,3,30,4740,IN
152,4,30,4070,OUT
153,0,270,4290,OUT
153,1,270,5610,OUT
153,2,270,6320,IN
153,3,270,4730,OUT
153,4,270,4050,OUT
154,0,110,4270,OUT
154,1,110,5610,OUT
154,2,110,6350,IN
154,3,110,4730,OUT
154,4,110,4040,OUT
155,0,110,4260,OUT
155,1,110,5590,OUT
155,2,110,6350,OUT
155,3,110,4730,OUT
155,4,110,4070,IN
156,0,30,4260,OUT
156,1,30,5580,OUT
156,2,30,6360,IN
156,3,30,4730,OUT
156,4,30,4070,OUT
157,0,30,4260,OUT
157,1,30,5580,OUT
157,2,30,6350,OUT
157,3,30,4740,IN
157,4,30,4070,OUT
158,0,110,4260,OUT
158,1,110,5580,OUT
158,2,110,6380,IN
158,3,110,4730,OUT
158,4,110,4050,OUT
159,0,30,4270,IN
159,1,30,5580,OUT
159,2,30,6380,OUT
159,3,30,4730,OUT
159,4,30,4040,OUT
160,0,110,4260,OUT
160,1,110,5560,OUT
160,2,110,6380,OUT
160,3,110,4730,OUT
160,4,110,4070,IN
161,0,470,4080,OUT
161,1,470,5550,OUT
161,2,470,6360,OUT
161,3,470,4730,OUT
161,4,470,4280,IN
162,0,240,4080,OUT
162,1,240,5470,OUT
162,2,240,6460,IN
162,3,240,4710,OUT
162,4,240,4280,OUT
163,0,30,4080,OUT
163,1,30,5470,OUT
163,2,30,6460,OUT
163,3,30,4700,OUT
163,4,30,4290,IN
164,0,30,4090,IN
164,1,30,5470,OUT
164,2,30,6460,OUT
164,3,30,4700,OUT
164,4,30,4280,OUT
165,0,110,4080,OUT
165,1,110,5450,OUT
165,2,110,6460,OUT
165,3,110,4730,IN
165,4,110,4280,OUT
166,0,30,4080,OUT
166,1,30,5440,OUT
166,2,30,6470,IN
166,3,30,4730,OUT
166,4,30,4280,OUT
167,0,250,4000,OUT
167,1,250,5440,OUT
167,2,250,6460,OUT
167,3,250,4820,IN
167,4,250,4280,OUT
168,0,110,4000,OUT
168,1,110,5440,OUT
168,2,110,6490,IN
168,3,110,4810,OUT
168,4,110,4260,OUT
169,0,30,4010,IN
169,1,30,5440,OUT
169,2,30,6490,OUT
169,3,30,4810,OUT
169,4,30,4250,OUT
170,0,110,4000,OUT
170,1,110,5420,OUT
170,2,110,6520,IN
170,3,110,4810,OUT
170,4,110,4250,OUT
171,0,1120,4700,IN
171,1,1120,5160,OUT
171,2,1120,6500,OUT
171,3,1120,4810,OUT
171,4,1120,3830,OUT
172,0,110,4730,IN
172,1,110,5160,OUT
172,2,110,6490,OUT
172,3,110,4790,OUT
172,4,110,3830,OUT
173,0,30,4730,OUT
173,1,30,5160,OUT
173,2,30,6490,OUT
173,3,30,4780,OUT
173,4,30,3840,IN
174,0,110,4710,OUT
174,1,110,5190,IN
174,2,110,6490,OUT
174,3,110,4780,OUT
174,4,110,3830,OUT
175,0,130,4700,OUT
175,1,130,5170,OUT
175,2,130,6490,OUT
175,3,130,4810,IN
175,4,130,3830,OUT
176,0,30,4700,OUT
176,1,30,5160,OUT
176,2,30,6500,IN
176,3,30,4810,OUT
176,4,30,3830,OUT
177,0,130,4730,IN
177,1,130,5160,OUT
177,2,130,6490,OUT
177,3,130,4790,OUT
177,4,130,3830,OUT
178,0,570,4730,OUT
178,1,570,5160,OUT
178,2,570,6250,OUT
178,3,570,4780,OUT
178,4,570,4080,IN
179,0,30,4740,IN
179,1,30,5160,OUT
179,2,30,6250,OUT
179,3,30,4780,OUT
179,4,30,4070,OUT
180,0,620,4540,OUT
180,1,620,5140,OUT
180,2,620,6610,IN
180,3,620,4640,OUT
180,4,620,4070,OUT
181,0,250,4540,OUT
181,1,250,5130,OUT
181,2,250,6700,IN
181,3,250,4640,OUT
181,4,250,3990,OUT
182,0,30,4540,OUT
182,1,30,5130,OUT
182,2,30,6690,OUT
182,3,30,4650,IN
182,4,30,3990,OUT
183,0,110,4540,OUT
183,1,110,5130,OUT
183,2,110,6720,IN
183,3,110,4640,OUT
183,4,110,3970,OUT
184,0,30,4550,IN
184,1,30,5130,OUT
184,2,30,6720,OUT
184,3,30,4640,OUT
184,4,30,3960,OUT
185,0,30,4540,OUT
185,1,30,5140,IN
185,2,30,6720,OUT
185,3,30,4640,OUT
185,4,30,3960,OUT
186,0,130,4540,OUT
186,1,130,5130,OUT
186,2,130,6700,OUT
186,3,130,4640,OUT
186,4,130,3990,IN
187,0,250,4650,IN
187,1,250,5130,OUT
187,2,250,6690,OUT
187,3,250,4620,OUT
187,4,250,3910,OUT
188,0,30,4650,OUT
188,1,30,5130,OUT
188,2,30,6690,OUT
188,3,30,4610,OUT
188,4,30,3920,IN
189,0,30,4660,IN
189,1,30,5130,OUT
189,2,30,6690,OUT
189,3,30,4610,OUT
189,4,30,3910,OUT
190,0,30,4650,OUT
190,1,30,5140,IN
190,2,30,6690,OUT
190,3,30,4610,OUT
190,4,30,3910,OUT
191,0,110,4650,OUT
191,1,110,5130,OUT
191,2,110,6670,OUT
191,3,110,4610,OUT
191,4,110,3940,IN
192,0,110,4650,OUT
192,1,110,5160,IN
192,2,110,6660,OUT
192,3,110,4590,OUT
192,4,110,3940,OUT
193,0,110,4650,OUT
193,1,110,5160,OUT
193,2,110,6690,IN
193,3,110,4580,OUT
193,4,110,3920,OUT
194,0,30,4660,IN
194,1,30,5160,OUT
194,2,30,6690,OUT
194,3,30,4580,OUT
194,4,30,3910,OUT
195,0,100,4680,IN
195,1,100,5140,OUT
195,2,100,6690,OUT
195,3,100,4580,OUT
195,4,100,3910,OUT
196,0,230,4680,OUT
196,1,230,5130,OUT
196,2,230,6780,IN
196,3,230,4580,OUT
196,4,230,3830,OUT
197,0,30,4680,OUT
197,1,30,5130,OUT
197,2,30,6770,OUT
197,3,30,4590,IN
197,4,30,3830,OUT
198,0,30,4680,OUT
198,1,30,5130,OUT
198,2,30,6770,OUT
198,3,30,4580,OUT
198,4,30,3840,IN
199,0,110,4660,OUT
199,1,110,5130,OUT
199,2,110,6770,OUT
199,3,110,4610,IN
199,4,110,3830,OUT
200,0,130,4650,OUT
200,1,130,5110,OUT
200,2,130,6800,IN
200,3,130,4610,OUT
200,4,130,3830,OUT
201,0,30,4650,OUT
201,1,30,5100,OUT
201,2,30,6810,IN
201,3,30,4610,OUT
201,4,30,3830,OUT
202,0,460,4510,OUT
202,1,460,5100,OUT
202,2,460,7050,IN
202,3,460,4590,OUT
202,4,460,3750,OUT
203,0,30,4510,OUT
203,1,30,5100,OUT
203,2,30,7050,OUT
203,3,30,4580,OUT
203,4,30,3760,IN
204,0,110,4490,OUT
204,1,110,5100,OUT
204,2,110,7050,OUT
204,3,110,4610,IN
204,4,110,3750,OUT
205,0,130,4480,OUT
205,1,130,5080,OUT
205,2,130,7080,IN
205,3,130,4610,OUT
205,4,130,3750,OUT
206,0,690,4480,OUT
206,1,690,5070,OUT
206,2,690,6740,OUT
206,3,690,4610,OUT
206,4,690,4100,IN
207,0,30,4480,OUT
207,1,30,5070,OUT
207,2,30,6730,OUT
207,3,30,4620,IN
207,4,30,4100,OUT
208,0,360,4480,OUT
208,1,360,5070,OUT
208,2,360,6890,IN
208,3,360,4480,OUT
208,4,360,4080,OUT
209,0,110,4460,OUT
209,1,110,5070,OUT
209,2,110,6890,OUT
209,3,110,4510,IN
209,4,110,4070,OUT
210,0,1130,4450,OUT
210,1,1130,5050,OUT
210,2,1130,6470,OUT
210,3,1130,5220,IN
210,4,1130,3810,OUT
211,0,230,4370,OUT
211,1,230,5040,OUT
211,2,230,6560,IN
211,3,230,5220,OUT
211,4,230,3810,OUT
212,0,230,4370,OUT
212,1,230,5040,OUT
212,2,230,6550,OUT
212,3,230,5310,IN
212,4,230,3730,OUT
213,0,30,4370,OUT
213,1,30,5040,OUT
213,2,30,6550,OUT
213,3,30,5300,OUT
213,4,30,3740,IN
214,0,130,4350,OUT
214,1,130,5070,IN
214,2,130,6550,OUT
214,3,130,5300,OUT
214,4,130,3730,OUT
215,0,110,4340,OUT
215,1,110,5050,OUT
215,2,110,6550,OUT
215,3,110,5330,IN
215,4,110,3730,OUT
216,0,130,4340,OUT
216,1,130,5040,OUT
216,2,130,6530,OUT
216,3,130,5330,OUT
216,4,130,3760,IN
217,0,30,4340,OUT
217,1,30,5040,OUT
217,2,30,6520,OUT
217,3,30,5340,IN
217,4,30,3760,OUT
218,0,30,4340,OUT
218,1,30,5040,OUT
218,2,30,6520,OUT
218,3,30,5330,OUT
218,4,30,3770,IN
219,0,110,4320,OUT
219,1,110,5040,OUT
219,2,110,6550,IN
219,3,110,5330,OUT
219,4,110,3760,OUT
220,0,230,4310,OUT
220,1,230,5130,IN
220,2,230,6550,OUT
220,3,230,5330,OUT
220,4,230,3680,OUT
221,0,30,4310,OUT
221,1,30,5120,OUT
221,2,30,6560,IN
221,3,30,5330,OUT
221,4,30,3680,OUT
222,0,110,4310,OUT
222,1,110,5120,OUT
222,2,110,6550,OUT
222,3,110,5310,OUT
222,4,110,3710,IN
223,0,30,4310,OUT
223,1,30,5120,OUT
223,2,30,6550,OUT
223,3,30,5300,OUT
223,4,30,3720,IN
224,0,30,4320,IN
224,1,30,5120,OUT
224,2,30,6550,OUT
224,3,30,5300,OUT
224,4,30,3710,OUT
225,0,110,4310,OUT
225,1,110,5100,OUT
225,2,110,6580,IN
225,3,110,5300,OUT
225,4,110,3710,OUT
226,0,30,4310,OUT
226,1,30,5090,OUT
226,2,30,6590,IN
226,3,30,5300,OUT
226,4,30,3710,OUT
227,0,230,4310,OUT
227,1,230,5090,OUT
227,2,230,6580,OUT
227,3,230,5390,IN
227,4,230,3630,OUT
228,0,30,4310,OUT
228,1,30,5090,OUT
228,2,30,6580,OUT
228,3,30,5380,OUT
228,4,30,3640,IN
229,0,30,4320,IN
229,1,30,5090,OUT
229,2,30,6580,OUT
229,3,30,5380,OUT
229,4,30,3630,OUT
230,0,100,4340,IN
230,1,100,5070,OUT
230,2,100,6580,OUT
230,3,100,5380,OUT
230,4,100,3630,OUT
231,0,30,4340,OUT
231,1,30,5060,OUT
231,2,30,6590,IN
231,3,30,5380,OUT
231,4,30,3630,OUT
232,0,30,4340,OUT
232,1,30,5060,OUT
232,2,30,6580,OUT
232,3,30,5390,IN
232,4,30,3630,OUT
233,0,30,4340,OUT
233,1,30,5060,OUT
233,2,30,6580,OUT
233,3,30,5380,OUT
233,4,30,3640,IN
234,0,30,4350,IN
234,1,30,5060,OUT
234,2,30,6580,OUT
234,3,30,5380,OUT
234,4,30,3630,OUT
235,0,30,4340,OUT
235,1,30,5070,IN
235,2,30,6580,OUT
235,3,30,5380,OUT
235,4,30,3630,OUT
236,0,30,4340,OUT
236,1,30,5060,OUT
236,2,30,6590,IN
236,3,30,5380,OUT
236,4,30,3630,OUT
237,0,110,4340,OUT
237,1,110,5090,IN
237,2,110,6580,OUT
237,3,110,5360,OUT
237,4,110,3630,OUT
238,0,430,4340,OUT
238,1,430,5010,OUT
238,2,430,6440,OUT
238,3,430,5350,OUT
238,4,430,3860,IN
239,0,30,4350,IN
239,1,30,5010,OUT
239,2,30,6440,OUT
239,3,30,5350,OUT
239,4,30,3850,OUT
240,0,110,4340,OUT
240,1,110,4990,OUT
240,2,110,6440,OUT
240,3,110,5350,OUT
240,4,110,3880,IN
241,0,30,4340,OUT
241,1,30,4980,OUT
241,2,30,6450,IN
241,3,30,5350,OUT
241,4,30,3880,OUT
242,0,630,4200,OUT
242,1,630,4780,OUT
242,2,630,6440,OUT
242,3,630,5330,OUT
242,4,630,4250,IN
243,0,30,4200,OUT
243,1,30,4780,OUT
243,2,30,6440,OUT
243,3,30,5320,OUT
243,4,30,4260,IN
244,0,110,4180,OUT
244,1,110,4780,OUT
244,2,110,6440,OUT
244,3,110,5350,IN
244,4,110,4250,OUT
245,0,30,4170,OUT
245,1,30,4790,IN
245,2,30,6440,OUT
245,3,30,5350,OUT
245,4,30,4250,OUT
246,0,100,4170,OUT
246,1,100,4810,IN
246,2,100,6420,OUT
246,3,100,5350,OUT
246,4,100,4250,OUT
247,0,30,4170,OUT
247,1,30,4810,OUT
247,2,30,6410,OUT
247,3,30,5360,IN
247,4,30,4250,OUT
248,0,360,4330,IN
248,1,360,4810,OUT
248,2,360,6410,OUT
248,3,360,5220,OUT
248,4,360,4230,OUT
249,0,260,4310,OUT
249,1,260,4810,OUT
249,2,260,6330,OUT
249,3,260,5220,OUT
249,4,260,4330,IN
250,0,130,4300,OUT
250,1,130,4790,OUT
250,2,130,6330,OUT
250,3,130,5220,OUT
250,4,130,4360,IN
251,0,110,4300,OUT
251,1,110,4780,OUT
251,2,110,6310,OUT
251,3,110,5250,IN
251,4,110,4360,OUT
252,0,30,4300,OUT
252,1,30,4780,OUT
252,2,30,6300,OUT
252,3,30,5260,IN
252,4,30,4360,OUT
253,0,220,4300,OUT
253,1,220,4780,OUT
253,2,220,6300,OUT
253,3,220,5180,OUT
253,4,220,4440,IN
254,0,1380,4280,OUT
254,1,1380,4700,OUT
254,2,1380,5820,OUT
254,3,1380,6080,IN
254,4,1380,4120,OUT
255,0,100,4300,IN
255,1,100,4680,OUT
255,2,100,5820,OUT
255,3,100,6080,OUT
255,4,100,4120,OUT
256,0,110,4330,IN
256,1,110,4670,OUT
256,2,110,5800,OUT
256,3,110,6080,OUT
256,4,110,4120,OUT
257,0,110,4330,OUT
257,1,110,4670,OUT
257,2,110,5790,OUT
257,3,110,6060,OUT
257,4,110,4150,IN
258,0,120,4330,OUT
258,1,120,4670,OUT
258,2,120,5790,OUT
258,3,120,6080,IN
258,4,120,4130,OUT
259,0,240,4310,OUT
259,1,240,4670,OUT
259,2,240,5790,OUT
259,3,240,6000,OUT
259,4,240,4230,IN
260,0,30,4300,OUT
260,1,30,4680,IN
260,2,30,5790,OUT
260,3,30,6000,OUT
260,4,30,4230,OUT
261,0,30,4300,OUT
261,1,30,4670,OUT
261,2,30,5800,IN
261,3,30,6000,OUT
261,4,30,4230,OUT
262,0,110,4300,OUT
262,1,110,4670,OUT
262,2,110,5790,OUT
262,3,110,5980,OUT
262,4,110,4260,IN
263,0,110,4330,IN
263,1,110,4670,OUT
263,2,110,5790,OUT
263,3,110,5970,OUT
263,4,110,4240,OUT
264,0,30,4340,IN
264,1,30,4670,OUT
264,2,30,5790,OUT
264,3,30,5970,OUT
264,4,30,4230,OUT
265,0,110,4330,OUT
265,1,110,4650,OUT
265,2,110,5820,IN
265,3,110,5970,OUT
265,4,110,4230,OUT
266,0,110,4330,OUT
266,1,110,4640,OUT
266,2,110,5800,OUT
266,3,110,5970,OUT
266,4,110,4260,IN
267,0,110,4360,IN
267,1,110,4640,OUT
267,2,110,5790,OUT
267,3,110,5950,OUT
267,4,110,4260,OUT
268,0,30,4360,OUT
268,1,30,4640,OUT
268,2,30,5790,OUT
268,3,30,5940,OUT
268,4,30,4270,IN
269,0,450,4180,OUT
269,1,450,4830,IN
269,2,450,5790,OUT
269,3,450,5940,OUT
269,4,450,4260,OUT
270,0,710,4170,OUT
270,1,710,4810,OUT
270,2,710,6160,IN
270,3,710,5600,OUT
270,4,710,4260,OUT
271,0,250,4280,IN
271,1,250,4800,OUT
271,2,250,6140,OUT
271,3,250,5520,OUT
271,4,250,4260,OUT
272,0,30,4280,OUT
272,1,30,4800,OUT
272,2,30,6130,OUT
272,3,30,5530,IN
272,4,30,4260,OUT
273,0,30,4280,OUT
273,1,30,4800,OUT
273,2,30,6130,OUT
273,3,30,5520,OUT
273,4,30,4270,IN
274,0,30,4290,IN
274,1,30,4800,OUT
274,2,30,6130,OUT
274,3,30,5520,OUT
274,4,30,4260,OUT
275,0,450,4280,OUT
275,1,450,4620,OUT
275,2,450,6320,IN
275,3,450,5520,OUT
275,4,450,4260,OUT
276,0,250,4390,IN
276,1,250,4610,OUT
276,2,250,6300,OUT
276,3,250,5520,OUT
276,4,250,4180,OUT
277,0,110,4390,OUT
277,1,110,4640,IN
277,2,110,6290,OUT
277,3,110,5500,OUT
277,4,110,4180,OUT
278,0,420,4390,OUT
278,1,420,4640,OUT
278,2,420,6210,OUT
278,3,420,5360,OUT
278,4,420,4400,IN
279,0,30,4400,IN
279,1,30,4640,OUT
279,2,30,6210,OUT
279,3,30,5360,OUT
279,4,30,4390,OUT
280,0,110,4390,OUT
280,1,110,4620,OUT
280,2,110,6210,OUT
280,3,110,5360,OUT
280,4,110,4420,IN
281,0,130,4390,OUT
281,1,130,4610,OUT
281,2,130,6190,OUT
281,3,130,5390,IN
281,4,130,4420,OUT
282,0,30,4390,OUT
282,1,30,4610,OUT
282,2,30,6180,OUT
282,3,30,5400,IN
282,4,30,4420,OUT
283,0,30,4390,OUT
283,1,30,4610,OUT
283,2,30,6180,OUT
283,3,30,5390,OUT
283,4,30,4430,IN
284,0,110,4370,OUT
284,1,110,4610,OUT
284,2,110,6180,OUT
284,3,110,5420,IN
284,4,110,4420,OUT
285,0,110,4360,OUT
285,1,110,4590,OUT
285,2,110,6180,OUT
285,3,110,5450,IN
285,4,110,4420,OUT
286,0,30,4360,OUT
286,1,30,4580,OUT
286,2,30,6190,IN
286,3,30,5450,OUT
286,4,30,4420,OUT
287,0,700,4360,OUT
287,1,700,4580,OUT
287,2,700,6550,IN
287,3,700,5430,OUT
287,4,700,4080,OUT
288,0,230,4360,OUT
288,1,230,4500,OUT
288,2,230,6550,OUT
288,3,230,5420,OUT
288,4,230,4170,IN
289,0,800,4340,OUT
289,1,800,4500,OUT
289,2,800,7010,IN
289,3,800,5240,OUT
289,4,800,3910,OUT
290,0,30,4330,OUT
290,1,30,4510,IN
290,2,30,7010,OUT
290,3,30,5240,OUT
290,4,30,3910,OUT
291,0,250,4330,OUT
291,1,250,4500,OUT
291,2,250,6990,OUT
291,3,250,5160,OUT
291,4,250,4020,IN
292,0,2080,3750,OUT
292,1,2080,6000,IN
292,2,2080,6410,OUT
292,3,2080,4820,OUT
292,4,2080,4020,OUT
293,0,30,3750,OUT
293,1,30,6000,OUT
293,2,30,6410,OUT
293,3,30,4810,OUT
293,4,30,4030,IN
294,0,230,3840,IN
294,1,230,5920,OUT
294,2,230,6410,OUT
294,3,230,4810,OUT
294,4,230,4020,OUT
295,0,250,3830,OUT
295,1,250,5900,OUT
295,2,250,6410,OUT
295,3,250,4730,OUT
295,4,250,4130,IN
296,0,240,3830,OUT
296,1,240,6000,IN
296,2,240,6390,OUT
296,3,240,4730,OUT
296,4,240,4050,OUT
297,0,110,3830,OUT
297,1,110,6030,IN
297,2,110,6380,OUT
297,3,110,4710,OUT
297,4,110,4050,OUT
298,0,30,3830,OUT
298,1,30,6030,OUT
298,2,30,6380,OUT
298,3,30,4700,OUT
298,4,30,4060,IN
299,0,130,3810,OUT
299,1,130,6030,OUT
299,2,130,6380,OUT
299,3,130,4730,IN
299,4,130,4050,OUT
300,0,30,3800,OUT
300,1,30,6040,IN
300,2,30,6380,OUT
300,3,30,4730,OUT
300,4,30,4050,OUT
301,0,30,3800,OUT
301,1,30,6030,OUT
301,2,30,6390,IN
301,3,30,4730,OUT
301,4,30,4050,OUT
302,0,220,3800,OUT
302,1,220,6030,OUT
302,2,220,6310,OUT
302,3,220,4810,IN
302,4,220,4050,OUT
303,0,110,3830,IN
303,1,110,6030,OUT
303,2,110,6310,OUT
303,3,110,4800,OUT
303,4,110,4030,OUT
304,0,130,3810,OUT
304,1,130,6030,OUT
304,2,130,6310,OUT
304,3,130,4830,IN
304,4,130,4020,OUT
305,0,260,3910,IN
305,1,260,6010,OUT
305,2,260,6230,OUT
305,3,260,4830,OUT
305,4,260,4020,OUT
306,0,110,3910,OUT
306,1,110,6000,OUT
306,2,110,6210,OUT
306,3,110,4830,OUT
306,4,110,4050,IN
307,0,30,3910,OUT
307,1,30,6000,OUT
307,2,30,6200,OUT
307,3,30,4840,IN
307,4,30,4050,OUT
308,0,110,3910,OUT
308,1,110,6030,IN
308,2,110,6200,OUT
308,3,110,4830,OUT
308,4,110,4030,OUT
309,0,130,3890,OUT
309,1,130,6030,OUT
309,2,130,6200,OUT
309,3,130,4860,IN
309,4,130,4020,OUT
310,0,30,3880,OUT
310,1,30,6040,IN
310,2,30,6200,OUT
310,3,30,4860,OUT
310,4,30,4020,OUT
311,0,30,3880,OUT
311,1,30,6030,OUT
311,2,30,6210,IN
311,3,30,4860,OUT
311,4,30,4020,OUT
312,0,230,3800,OUT
312,1,230,6030,OUT
312,2,230,6200,OUT
312,3,230,4950,IN
312,4,230,4020,OUT
313,0,30,3800,OUT
313,1,30,6030,OUT
313,2,30,6200,OUT
313,3,30,4940,OUT
313,4,30,4030,IN
314,0,30,3810,IN
314,1,30,6030,OUT
314,2,30,6200,OUT
314,3,30,4940,OUT
314,4,30,4020,OUT
315,0,130,3800,OUT
315,1,130,6010,OUT
315,2,130,6200,OUT
315,3,130,4940,OUT
315,4,130,4050,IN
316,0,30,3800,OUT
316,1,30,6000,OUT
316,2,30,6210,IN
316,3,30,4940,OUT
316,4,30,4050,OUT
317,0,30,3800,OUT
317,1,30,6000,OUT
317,2,30,6200,OUT
317,3,30,4950,IN
317,4,30,4050,OUT
318,0,110,3800,OUT
318,1,110,6030,IN
318,2,110,6200,OUT
318,3,110,4940,OUT
318,4,110,4030,OUT
319,0,250,3890,IN
319,1,250,6030,OUT
319,2,250,6200,OUT
319,3,250,4860,OUT
319,4,250,4020,OUT
320,0,270,3880,OUT
320,1,270,6010,OUT
320,2,270,6200,OUT
320,3,270,4780,OUT
320,4,270,4130,IN
321,0,30,3880,OUT
321,1,30,6000,OUT
321,2,30,6210,IN
321,3,30,4780,OUT
321,4,30,4130,OUT
322,0,120,3880,OUT
322,1,120,6000,OUT
322,2,120,6230,IN
322,3,120,4760,OUT
322,4,120,4130,OUT
323,0,30,3880,OUT
323,1,30,6000,OUT
323,2,30,6230,OUT
323,3,30,4750,OUT
323,4,30,4140,IN
324,0,30,3890,IN
324,1,30,6000,OUT
324,2,30,6230,OUT
324,3,30,4750,OUT
324,4,30,4130,OUT
325,0,110,3880,OUT
325,1,110,5980,OUT
325,2,110,6230,OUT
325,3,110,4750,OUT
325,4,110,4160,IN
326,0,250,3880,OUT
326,1,250,5970,OUT
326,2,250,6320,IN
326,3,250,4670,OUT
326,4,250,4160,OUT
327,0,110,3880,OUT
327,1,110,6000,IN
327,2,110,6310,OUT
327,3,110,4650,OUT
327,4,110,4160,OUT
328,0,240,3800,OUT
328,1,240,6000,OUT
328,2,240,6310,OUT
328,3,240,4750,IN
328,4,240,4140,OUT
329,0,110,3780,OUT
329,1,110,6000,OUT
329,2,110,6310,OUT
329,3,110,4780,IN
329,4,110,4130,OUT
330,0,30,3770,OUT
330,1,30,6010,IN
330,2,30,6310,OUT
330,3,30,4780,OUT
330,4,30,4130,OUT
331,0,250,3770,OUT
331,1,250,6000,OUT
331,2,250,6290,OUT
331,3,250,4700,OUT
331,4,250,4240,IN
332,0,250,3880,IN
332,1,250,6000,OUT
332,2,250,6280,OUT
332,3,250,4680,OUT
332,4,250,4160,OUT
333,0,110,3880,OUT
333,1,110,6000,OUT
333,2,110,6310,IN
333,3,110,4670,OUT
333,4,110,4140,OUT
334,0,260,3860,OUT
334,1,260,6000,OUT
334,2,260,6310,OUT
334,3,260,4590,OUT
334,4,260,4240,IN
335,0,30,3850,OUT
335,1,30,6010,IN
335,2,30,6310,OUT
335,3,30,4590,OUT
335,4,30,4240,OUT
336,0,110,3850,OUT
336,1,110,6000,OUT
336,2,110,6290,OUT
336,3,110,4590,OUT
336,4,110,4270,IN
337,0,110,3850,OUT
337,1,110,6030,IN
337,2,110,6280,OUT
337,3,110,4570,OUT
337,4,110,4270,OUT
338,0,30,3850,OUT
338,1,30,6030,OUT
338,2,30,6280,OUT
338,3,30,4560,OUT
338,4,30,4280,IN
339,0,30,3860,IN
339,1,30,6030,OUT
339,2,30,6280,OUT
339,3,30,4560,OUT
339,4,30,4270,OUT
340,0,30,3850,OUT
340,1,30,6040,IN
340,2,30,6280,OUT
340,3,30,4560,OUT
340,4,30,4270,OUT
341,0,30,3850,OUT
341,1,30,6030,OUT
341,2,30,6290,IN
341,3,30,4560,OUT
341,4,30,4270,OUT
342,0,130,3850,OUT
342,1,130,6030,OUT
342,2,130,6280,OUT
342,3,130,4540,OUT
342,4,130,4300,IN
343,0,120,3850,OUT
343,1,120,6030,OUT
343,2,120,6280,OUT
343,3,120,4560,IN
343,4,120,4280,OUT
344,0,30,3860,IN
344,1,30,6030,OUT
344,2,30,6280,OUT
344,3,30,4560,OUT
344,4,30,4270,OUT
345,0,110,3850,OUT
345,1,110,6010,OUT
345,2,110,6280,OUT
345,3,110,4590,IN
345,4,110,4270,OUT
346,0,30,3850,OUT
346,1,30,6000,OUT
346,2,30,6290,IN
346,3,30,4590,OUT
346,4,30,4270,OUT
347,0,100,3850,OUT
347,1,100,6000,OUT
347,2,100,6310,IN
347,3,100,4570,OUT
347,4,100,4270,OUT
348,0,100,3850,OUT
348,1,100,6000,OUT
348,2,100,6310,OUT
348,3,100,4590,IN
348,4,100,4250,OUT
349,0,120,3830,OUT
349,1,120,6000,OUT
349,2,120,6310,OUT
349,3,120,4590,OUT
349,4,120,4270,IN
350,0,110,3820,OUT
350,1,110,5980,OUT
350,2,110,6340,IN
350,3,110,4590,OUT
350,4,110,4270,OUT
351,0,30,3820,OUT
351,1,30,5970,OUT
351,2,30,6350,IN
351,3,30,4590,OUT
351,4,30,4270,OUT
352,0,680,3820,OUT
352,1,680,5970,OUT
352,2,680,6010,OUT
352,3,680,4930,IN
352,4,680,4270,OUT
353,0,460,4020,IN
353,1,460,5970,OUT
353,2,460,6010,OUT
353,3,460,4750,OUT
353,4,460,4250,OUT
354,0,30,4030,IN
354,1,30,5970,OUT
354,2,30,6010,OUT
354,3,30,4750,OUT
354,4,30,4240,OUT
355,0,110,4020,OUT
355,1,110,5950,OUT
355,2,110,6010,OUT
355,3,110,4750,OUT
355,4,110,4270,IN
356,0,110,4020,OUT
356,1,110,5940,OUT
356,2,110,5990,OUT
356,3,110,4750,OUT
356,4,110,4300,IN
357,0,30,4020,OUT
357,1,30,5940,OUT
357,2,30,5980,OUT
357,3,30,4760,IN
357,4,30,4300,OUT
358,0,490,3820,OUT
358,1,490,6170,IN
358,2,490,5980,OUT
358,3,490,4750,OUT
358,4,490,4280,OUT
359,0,120,3800,OUT
359,1,120,6170,OUT
359,2,120,5980,OUT
359,3,120,4750,OUT
359,4,120,4300,IN
360,0,470,3790,OUT
360,1,470,6150,OUT
360,2,470,5980,OUT
360,3,470,4960,IN
360,4,470,4120,OUT
361,0,30,3790,OUT
361,1,30,6140,OUT
361,2,30,5990,IN
361,3,30,4960,OUT
361,4,30,4120,OUT
362,0,650,4120,IN
362,1,650,6140,OUT
362,2,650,5980,OUT
362,3,650,4720,OUT
362,4,650,4040,OUT
363,0,710,3780,OUT
363,1,710,6510,IN
363,2,710,5980,OUT
363,3,710,4710,OUT
363,4,710,4020,OUT
364,0,250,3760,OUT
364,1,250,6510,OUT
364,2,250,5900,OUT
364,3,250,4820,IN
364,4,250,4010,OUT
365,0,30,3750,OUT
365,1,30,6520,IN
365,2,30,5900,OUT
365,3,30,4820,OUT
365,4,30,4010,OUT
366,0,590,4020,IN
366,1,590,6510,OUT
366,2,590,5880,OUT
366,3,590,4820,OUT
366,4,590,3770,OUT
367,0,110,4050,IN
367,1,110,6510,OUT
367,2,110,5870,OUT
367,3,110,4800,OUT
367,4,110,3770,OUT
368,0,110,4050,OUT
368,1,110,6510,OUT
368,2,110,5900,IN
368,3,110,4790,OUT
368,4,110,3750,OUT
369,0,30,4060,IN
369,1,30,6510,OUT
369,2,30,5900,OUT
369,3,30,4790,OUT
369,4,30,3740,OUT
370,0,120,4080,IN
370,1,120,6490,OUT
370,2,120,5900,OUT
370,3,120,4790,OUT
370,4,120,3740,OUT
371,0,130,4080,OUT
371,1,130,6480,OUT
371,2,130,5880,OUT
371,3,130,4790,OUT
371,4,130,3770,IN
372,0,700,3740,OUT
372,1,700,6480,OUT
372,2,700,6240,IN
372,3,700,4770,OUT
372,4,700,3770,OUT
373,0,30,3740,OUT
373,1,30,6480,OUT
373,2,30,6240,OUT
373,3,30,4760,OUT
373,4,30,3780,IN
374,0,110,3720,OUT
374,1,110,6480,OUT
374,2,110,6270,IN
374,3,110,4760,OUT
374,4,110,3770,OUT
375,0,100,3740,IN
375,1,100,6460,OUT
375,2,100,6270,OUT
375,3,100,4760,OUT
375,4,100,3770,OUT
376,0,460,3740,OUT
376,1,460,6280,OUT
376,2,460,6250,OUT
376,3,460,4760,OUT
376,4,460,3970,IN
377,0,110,3740,OUT
377,1,110,6280,OUT
377,2,110,6240,OUT
377,3,110,4740,OUT
377,4,110,4000,IN
378,0,130,3740,OUT
378,1,130,6310,IN
378,2,130,6240,OUT
378,3,130,4730,OUT
378,4,130,3980,OUT
379,0,110,3720,OUT
379,1,110,6340,IN
379,2,110,6240,OUT
379,3,110,4730,OUT
379,4,110,3970,OUT
380,0,250,3710,OUT
380,1,250,6320,OUT
380,2,250,6160,OUT
380,3,250,4840,IN
380,4,250,3970,OUT
381,0,110,3740,IN
381,1,110,6310,OUT
381,2,110,6140,OUT
381,3,110,4840,OUT
381,4,110,3970,OUT
382,0,30,3740,OUT
382,1,30,6310,OUT
382,2,30,6130,OUT
382,3,30,4850,IN
382,4,30,3970,OUT
383,0,130,3740,OUT
383,1,130,6310,OUT
383,2,130,6160,IN
383,3,130,4840,OUT
383,4,130,3950,OUT
384,0,30,3750,IN
384,1,30,6310,OUT
384,2,30,6160,OUT
384,3,30,4840,OUT
384,4,30,3940,OUT
385,0,30,3740,OUT
385,1,30,6320,IN
385,2,30,6160,OUT
385,3,30,4840,OUT
385,4,30,3940,OUT
386,0,240,3740,OUT
386,1,240,6420,IN
386,2,240,6140,OUT
386,3,240,4840,OUT
386,4,240,3860,OUT
387,0,30,3740,OUT
387,1,30,6420,OUT
387,2,30,6130,OUT
387,3,30,4850,IN
387,4,30,3860,OUT
388,0,30,3740,OUT
388,1,30,6420,OUT
388,2,30,6130,OUT
388,3,30,4840,OUT
388,4,30,3870,IN
389,0,30,3750,IN
389,1,30,6420,OUT
389,2,30,6130,OUT
389,3,30,4840,OUT
389,4,30,3860,OUT
390,0,100,3770,IN
390,1,100,6400,OUT
390,2,100,6130,OUT
390,3,100,4840,OUT
390,4,100,3860,OUT
391,0,30,3770,OUT
391,1,30,6390,OUT
391,2,30,6140,IN
391,3,30,4840,OUT
391,4,30,3860,OUT
392,0,110,3770,OUT
392,1,110,6420,IN
392,2,110,6130,OUT
392,3,110,4820,OUT
392,4,110,3860,OUT
393,0,30,3770,OUT
393,1,30,6420,OUT
393,2,30,6130,OUT
393,3,30,4810,OUT
393,4,30,3870,IN
394,0,30,3780,IN
394,1,30,6420,OUT
394,2,30,6130,OUT
394,3,30,4810,OUT
394,4,30,3860,OUT
395,0,900,4280,IN
395,1,900,6400,OUT
395,2,900,6130,OUT
395,3,900,4730,OUT
395,4,900,3460,OUT
396,0,30,4280,OUT
396,1,30,6390,OUT
396,2,30,6140,IN
396,3,30,4730,OUT
396,4,30,3460,OUT
397,0,100,4280,OUT
397,1,100,6390,OUT
397,2,100,6160,IN
397,3,100,4710,OUT
397,4,100,3460,OUT
398,0,110,4310,IN
398,1,110,6390,OUT
398,2,110,6160,OUT
398,3,110,4700,OUT
398,4,110,3440,OUT
399,0,440,4130,OUT
399,1,440,6390,OUT
399,2,440,6160,OUT
399,3,440,4700,OUT
399,4,440,3620,IN
400,0,30,4120,OUT
400,1,30,6400,IN
400,2,30,6160,OUT
400,3,30,4700,OUT
400,4,30,3620,OUT
401,0,30,4120,OUT
401,1,30,6390,OUT
401,2,30,6170,IN
401,3,30,4700,OUT
401,4,30,3620,OUT
402,0,110,4120,OUT
402,1,110,6420,IN
402,2,110,6160,OUT
402,3,110,4680,OUT
402,4,110,3620,OUT
403,0,110,4150,IN
403,1,110,6420,OUT
403,2,110,6160,OUT
403,3,110,4670,OUT
403,4,110,3600,OUT
404,0,30,4160,IN
404,1,30,6420,OUT
404,2,30,6160,OUT
404,3,30,4670,OUT
404,4,30,3590,OUT
405,0,30,4150,OUT
405,1,30,6430,IN
405,2,30,6160,OUT
405,3,30,4670,OUT
405,4,30,3590,OUT
406,0,130,4150,OUT
406,1,130,6420,OUT
406,2,130,6140,OUT
406,3,130,4700,IN
406,4,130,3590,OUT
407,0,30,4150,OUT
407,1,30,6420,OUT
407,2,30,6130,OUT
407,3,30,4710,IN
407,4,30,3590,OUT
408,0,110,4150,OUT
408,1,110,6450,IN
408,2,110,6130,OUT
408,3,110,4700,OUT
408,4,110,3570,OUT
409,0,270,4130,OUT
409,1,270,6370,OUT
409,2,270,6240,IN
409,3,270,4700,OUT
409,4,270,3560,OUT
410,0,240,4230,IN
410,1,240,6350,OUT
410,2,240,6240,OUT
410,3,240,4620,OUT
410,4,240,3560,OUT
411,0,30,4230,OUT
411,1,30,6340,OUT
411,2,30,6250,IN
411,3,30,4620,OUT
411,4,30,3560,OUT
412,0,30,4230,OUT
412,1,30,6340,OUT
412,2,30,6240,OUT
412,3,30,4630,IN
412,4,30,3560,OUT
413,0,30,4230,OUT
413,1,30,6340,OUT
413,2,30,6240,OUT
413,3,30,4620,OUT
413,4,30,3570,IN
414,0,460,4210,OUT
414,1,460,6340,OUT
414,2,460,6240,OUT
414,3,460,4820,IN
414,4,460,3390,OUT
415,0,30,4200,OUT
415,1,30,6350,IN
415,2,30,6240,OUT
415,3,30,4820,OUT
415,4,30,3390,OUT
416,0,30,4200,OUT
416,1,30,6340,OUT
416,2,30,6250,IN
416,3,30,4820,OUT
416,4,30,3390,OUT
417,0,30,4200,OUT
417,1,30,6340,OUT
417,2,30,6240,OUT
417,3,30,4830,IN
417,4,30,3390,OUT
418,0,30,4200,OUT
418,1,30,6340,OUT
418,2,30,6240,OUT
418,3,30,4820,OUT
418,4,30,3400,IN
419,0,30,4210,IN
419,1,30,6340,OUT
419,2,30,6240,OUT
419,3,30,4820,OUT
419,4,30,3390,OUT
420,0,130,4200,OUT
420,1,130,6320,OUT
420,2,130,6270,IN
420,3,130,4820,OUT
420,4,130,3390,OUT
421,0,30,4200,OUT
421,1,30,6310,OUT
421,2,30,6280,IN
421,3,30,4820,OUT
421,4,30,3390,OUT
422,0,30,4200,OUT
422,1,30,6310,OUT
422,2,30,6270,OUT
422,3,30,4830,IN
422,4,30,3390,OUT
423,0,30,4200,OUT
423,1,30,6310,OUT
423,2,30,6270,OUT
423,3,30,4820,OUT
423,4,30,3400,IN
424,0,30,4210,IN
424,1,30,6310,OUT
424,2,30,6270,OUT
424,3,30,4820,OUT
424,4,30,3390,OUT
425,0,110,4200,OUT
425,1,110,6290,OUT
425,2,110,6300,IN
425,3,110,4820,OUT
425,4,110,3390,OUT
426,0,30,4200,OUT
426,1,30,6280,OUT
426,2,30,6310,IN
426,3,30,4820,OUT
426,4,30,3390,OUT
427,0,110,4200,OUT
427,1,110,6310,IN
427,2,110,6300,OUT
427,3,110,4800,OUT
427,4,110,3390,OUT
428,0,130,4200,OUT
428,1,130,6310,OUT
428,2,130,6330,IN
428,3,130,4790,OUT
428,4,130,3370,OUT
429,0,30,4210,IN
429,1,30,6310,OUT
429,2,30,6330,OUT
429,3,30,4790,OUT
429,4,30,3360,OUT
430,0,30,4200,OUT
430,1,30,6320,IN
430,2,30,6330,OUT
430,3,30,4790,OUT
430,4,30,3360,OUT
431,0,130,4200,OUT
431,1,130,6310,OUT
431,2,130,6310,OUT
431,3,130,4790,OUT
431,4,130,3390,IN
432,0,110,4230,IN
432,1,110,6310,OUT
432,2,110,6300,OUT
432,3,110,4770,OUT
432,4,110,3390,OUT
433,0,30,4230,OUT
433,1,30,6310,OUT
433,2,30,6300,OUT
433,3,30,4760,OUT
433,4,30,3400,IN
434,0,240,4210,OUT
434,1,240,6310,OUT
434,2,240,6300,OUT
434,3,240,4680,OUT
434,4,240,3500,IN
435,0,120,4230,IN
435,1,120,6290,OUT
435,2,120,6300,OUT
435,3,120,4680,OUT
435,4,120,3500,OUT
436,0,100,4230,OUT
436,1,100,6310,IN
436,2,100,6280,OUT
436,3,100,4680,OUT
436,4,100,3500,OUT
437,0,30,4230,OUT
437,1,30,6310,OUT
437,2,30,6270,OUT
437,3,30,4690,IN
437,4,30,3500,OUT
438,0,30,4230,OUT
438,1,30,6310,OUT
438,2,30,6270,OUT
438,3,30,4680,OUT
438,4,30,3510,IN
439,0,230,4320,IN
439,1,230,6310,OUT
439,2,230,6270,OUT
439,3,230,4600,OUT
439,4,230,3500,OUT
440,0,30,4310,OUT
440,1,30,6320,IN
440,2,30,6270,OUT
440,3,30,4600,OUT
440,4,30,3500,OUT
441,0,130,4340,IN
441,1,130,6310,OUT
441,2,130,6250,OUT
441,3,130,4600,OUT
441,4,130,3500,OUT
442,0,110,4370,IN
442,1,110,6310,OUT
442,2,110,6240,OUT
442,3,110,4580,OUT
442,4,110,3500,OUT
443,0,30,4370,OUT
443,1,30,6310,OUT
443,2,30,6240,OUT
443,3,30,4570,OUT
443,4,30,3510,IN
444,0,30,4380,IN
444,1,30,6310,OUT
444,2,30,6240,OUT
444,3,30,4570,OUT
444,4,30,3500,OUT
445,0,30,4370,OUT
445,1,30,6320,IN
445,2,30,6240,OUT
445,3,30,4570,OUT
445,4,30,3500,OUT
446,0,110,4370,OUT
446,1,110,6310,OUT
446,2,110,6220,OUT
446,3,110,4600,IN
446,4,110,3500,OUT
447,0,30,4370,OUT
447,1,30,6310,OUT
447,2,30,6210,OUT
447,3,30,4610,IN
447,4,30,3500,OUT
448,0,250,4290,OUT
448,1,250,6420,IN
448,2,250,6210,OUT
448,3,250,4600,OUT
448,4,250,3480,OUT
449,0,780,4030,OUT
449,1,780,6860,IN
449,2,780,6210,OUT
449,3,780,4600,OUT
449,4,780,3300,OUT
450,0,30,4020,OUT
450,1,30,6870,IN
450,2,30,6210,OUT
450,3,30,4600,OUT
450,4,30,3300,OUT
451,0,110,4020,OUT
451,1,110,6860,OUT
451,2,110,6190,OUT
451,3,110,4630,IN
451,4,110,3300,OUT
452,0,130,4050,IN
452,1,130,6860,OUT
452,2,130,6180,OUT
452,3,130,4610,OUT
452,4,130,3300,OUT
453,0,350,4050,OUT
453,1,350,6860,OUT
453,2,350,6330,IN
453,3,350,4600,OUT
453,4,350,3160,OUT
454,0,30,4060,IN
454,1,30,6860,OUT
454,2,30,6330,OUT
454,3,30,4600,OUT
454,4,30,3150,OUT
455,0,30,4050,OUT
455,1,30,6870,IN
455,2,30,6330,OUT
455,3,30,4600,OUT
455,4,30,3150,OUT
456,0,110,4050,OUT
456,1,110,6860,OUT
456,2,110,6310,OUT
456,3,110,4630,IN
456,4,110,3150,OUT
457,0,110,4050,OUT
457,1,110,6890,IN
457,2,110,6300,OUT
457,3,110,4610,OUT
457,4,110,3150,OUT
458,0,110,4050,OUT
458,1,110,6920,IN
458,2,110,6300,OUT
458,3,110,4600,OUT
458,4,110,3130,OUT
459,0,30,4060,IN
459,1,30,6920,OUT
459,2,30,6300,OUT
459,3,30,4600,OUT
459,4,30,3120,OUT
460,0,30,4050,OUT
460,1,30,6930,IN
460,2,30,6300,OUT
460,3,30,4600,OUT
460,4,30,3120,OUT
461,0,250,3970,OUT
461,1,250,6920,OUT
461,2,250,6390,IN
461,3,250,4600,OUT
461,4,250,3120,OUT
462,0,30,3970,OUT
462,1,30,6920,OUT
462,2,30,6380,OUT
462,3,30,4610,IN
462,4,30,3120,OUT
463,0,30,3970,OUT
463,1,30,6920,OUT
463,2,30,6380,OUT
463,3,30,4600,OUT
463,4,30,3130,IN
464,0,30,3980,IN
464,1,30,6920,OUT
464,2,30,6380,OUT
464,3,30,4600,OUT
464,4,30,3120,OUT
465,0,110,3970,OUT
465,1,110,6900,OUT
465,2,110,6380,OUT
465,3,110,4630,IN
465,4,110,3120,OUT
466,0,470,3970,OUT
466,1,470,6890,OUT
466,2,470,6360,OUT
466,3,470,4840,IN
466,4,470,2940,OUT
467,0,250,3970,OUT
467,1,250,7000,IN
467,2,250,6350,OUT
467,3,250,4820,OUT
467,4,250,2860,OUT
468,0,30,3970,OUT
468,1,30,7000,OUT
468,2,30,6350,OUT
468,3,30,4810,OUT
468,4,30,2870,IN
469,0,30,3980,IN
469,1,30,7000,OUT
469,2,30,6350,OUT
469,3,30,4810,OUT
469,4,30,2860,OUT
470,0,30,3970,OUT
470,1,30,7010,IN
470,2,30,6350,OUT
470,3,30,4810,OUT
470,4,30,2860,OUT
471,0,220,3970,OUT
471,1,220,6930,OUT
471,2,220,6430,IN
471,3,220,4810,OUT
471,4,220,2860,OUT
472,0,110,4000,IN
472,1,110,6930,OUT
472,2,110,6420,OUT
472,3,110,4790,OUT
472,4,110,2860,OUT
473,0,30,4000,OUT
473,1,30,6930,OUT
473,2,30,6420,OUT
473,3,30,4780,OUT
473,4,30,2870,IN
474,0,250,3980,OUT
474,1,250,6850,OUT
474,2,250,6530,IN
474,3,250,4780,OUT
474,4,250,2860,OUT
475,0,30,3970,OUT
475,1,30,6860,IN
475,2,30,6530,OUT
475,3,30,4780,OUT
475,4,30,2860,OUT
476,0,110,3970,OUT
476,1,110,6850,OUT
476,2,110,6510,OUT
476,3,110,4810,IN
476,4,110,2860,OUT
477,0,30,3970,OUT
477,1,30,6850,OUT
477,2,30,6500,OUT
477,3,30,4820,IN
477,4,30,2860,OUT
478,0,30,3970,OUT
478,1,30,6850,OUT
478,2,30,6500,OUT
478,3,30,4810,OUT
478,4,30,2870,IN
479,0,250,4060,IN
479,1,250,6850,OUT
479,2,250,6500,OUT
479,3,250,4730,OUT
479,4,250,2860,OUT
480,0,110,4050,OUT
480,1,110,6830,OUT
480,2,110,6530,IN
480,3,110,4730,OUT
480,4,110,2860,OUT
481,0,30,4050,OUT
481,1,30,6820,OUT
481,2,30,6540,IN
481,3,30,4730,OUT
481,4,30,2860,OUT
482,0,100,4050,OUT
482,1,100,6820,OUT
482,2,100,6560,IN
482,3,100,4710,OUT
482,4,100,2860,OUT
483,0,30,4050,OUT
483,1,30,6820,OUT
483,2,30,6560,OUT
483,3,30,4700,OUT
483,4,30,2870,IN
484,0,360,4030,OUT
484,1,360,6820,OUT
484,2,360,6720,IN
484,3,360,4700,OUT
484,4,360,2730,OUT
485,0,440,4210,IN
485,1,440,6640,OUT
485,2,440,6720,OUT
485,3,440,4700,OUT
485,4,440,2730,OUT
486,0,230,4210,OUT
486,1,230,6630,OUT
486,2,230,6810,IN
486,3,230,4620,OUT
486,4,230,2730,OUT
487,0,700,4210,OUT
487,1,700,6630,OUT
487,2,700,6470,OUT
487,3,700,4600,OUT
487,4,700,3090,IN
488,0,30,4210,OUT
488,1,30,6630,OUT
488,2,30,6470,OUT
488,3,30,4590,OUT
488,4,30,3100,IN
489,0,120,4190,OUT
489,1,120,6630,OUT
489,2,120,6470,OUT
489,3,120,4590,OUT
489,4,120,3120,IN
490,0,30,4180,OUT
490,1,30,6640,IN
490,2,30,6470,OUT
490,3,30,4590,OUT
490,4,30,3120,OUT
491,0,30,4180,OUT
491,1,30,6630,OUT
491,2,30,6480,IN
491,3,30,4590,OUT
491,4,30,3120,OUT
492,0,570,3940,OUT
492,1,570,6630,OUT
492,2,570,6470,OUT
492,3,570,4840,IN
492,4,570,3120,OUT
493,0,110,3940,OUT
493,1,110,6630,OUT
493,2,110,6500,IN
493,3,110,4830,OUT
493,4,110,3100,OUT
494,0,110,3920,OUT
494,1,110,6630,OUT
494,2,110,6530,IN
494,3,110,4830,OUT
494,4,110,3090,OUT
495,0,30,3910,OUT
495,1,30,6640,IN
495,2,30,6530,OUT
495,3,30,4830,OUT
495,4,30,3090,OUT
496,0,100,3910,OUT
496,1,100,6660,IN
496,2,100,6510,OUT
496,3,100,4830,OUT
496,4,100,3090,OUT
497,0,110,3940,IN
497,1,110,6660,OUT
497,2,110,6500,OUT
497,3,110,4810,OUT
497,4,110,3090,OUT
498,0,30,3940,OUT
498,1,30,6660,OUT
498,2,30,6500,OUT
498,3,30,4800,OUT
498,4,30,3100,IN
499,0,110,3920,OUT
499,1,110,6690,IN
499,2,110,6500,OUT
499,3,110,4800,OUT
499,4,110,3090,OUT
500,0,110,3910,OUT
500,1,110,6670,OUT
500,2,110,6530,IN
500,3,110,4800,OUT
500,4,110,3090,OUT
